tau,median_fold_change,mad_fold_change
10,0.5920293105022661,0.7338557172904951
auto,1.6212165034948942,0.9455903916949782
NA,1.368161285453295,0.9568851923226657
